/gamepanel?game=azul,14338636,2024-06-08
/gamepanel?game=arknova,3383052,2024-06-08
/gamepanel?game=terraformingmars,427372,2024-06-08
/gamepanel?game=wingspan,3259156,2024-06-08
/gamepanel?game=azul,14338636,2024-06-08
/gamepanel?game=tickettoride,8093026,2024-06-08
/gamepanel?game=carcassonne,10172406,2024-06-08
/gamepanel?game=splendor,5878161,2024-06-08
/gamepanel?game=castlesofburgundy,2052157,2024-06-08
/gamepanel?game=agricola,976686,2024-06-08
/gamepanel?game=sevenwondersduel,8747494,2024-06-08
/gamepanel?game=supermegaluckybox,258864,2024-06-08
/gamepanel?game=forestshuffle,626981,2024-06-08
/gamepanel?game=spacebase,1876942,2024-06-08
/gamepanel?game=itsawonderfulworld,1816167,2024-06-08
/gamepanel?game=arnak,1450429,2024-06-08
/gamepanel?game=heat,302501,2024-06-08
/gamepanel?game=cantstop,15843695,2024-06-08
/gamepanel?game=hanabi,8192206,2024-06-08
/gamepanel?game=sechsnimmt,6559623,2024-06-08
/gamepanel?game=seasaltpaper,1584954,2024-06-08
/gamepanel?game=sevenwonders,9310006,2024-06-08
/gamepanel?game=tickettorideeurope,655305,2024-06-08
/gamepanel?game=challengers,546245,2024-06-08
/gamepanel?game=yatzy,11737630,2024-06-08
/gamepanel?game=minirogue,63617,2024-06-08
/gamepanel?game=kingdomino,5373036,2024-06-08
/gamepanel?game=kingoftokyo,1900925,2024-06-08
/gamepanel?game=luckynumbers,8692161,2024-06-08
/gamepanel?game=splendorduel,258221,2024-06-08
/gamepanel?game=terramystica,757637,2024-06-08
/gamepanel?game=patchwork,1849033,2024-06-08
/gamepanel?game=gizmos,1111766,2024-06-08
/gamepanel?game=potionexplosion,2332187,2024-06-08
/gamepanel?game=greatwesterntrail,241648,2024-06-08
/gamepanel?game=flowers,164185,2024-06-08
/gamepanel?game=welcometo,2015755,2024-06-08
/gamepanel?game=raceforthegalaxy,14202425,2024-06-08
/gamepanel?game=memoir,378928,2024-06-08
/gamepanel?game=cartographers,59778,2024-06-08
/gamepanel?game=sevenwondersarchitects,2759391,2024-06-08
/gamepanel?game=stoneage,4774972,2024-06-08
/gamepanel?game=lostcities,3756815,2024-06-08
/gamepanel?game=handandfoot,249948,2024-06-08
/gamepanel?game=tapestry,330087,2024-06-08
/gamepanel?game=gaiaproject,267943,2024-06-08
/gamepanel?game=hearts,1612694,2024-06-08
/gamepanel?game=rummy,346596,2024-06-08
/gamepanel?game=cubirds,5606511,2024-06-08
/gamepanel?game=backgammon,6172530,2024-06-08
/gamepanel?game=bang,1503907,2024-06-08
/gamepanel?game=faraway,424985,2024-06-08
/gamepanel?game=solstis,122216,2024-06-08
/gamepanel?game=railroadink,1795198,2024-06-08
/gamepanel?game=earth,207208,2024-06-08
/gamepanel?game=planetunknown,148751,2024-06-08
/gamepanel?game=barrage,160722,2024-06-08
/gamepanel?game=maracaibo,38723,2024-06-08
/gamepanel?game=pandemic,830974,2024-06-08
/gamepanel?game=kingdombuilder,2105284,2024-06-08
/gamepanel?game=frenchtarot,1387862,2024-06-08
/gamepanel?game=feastforodin,260977,2024-06-08
/gamepanel?game=puertorico,2471343,2024-06-08
/gamepanel?game=resarcana,973082,2024-06-08
/gamepanel?game=valeofeternity,68521,2024-06-08
/gamepanel?game=mojo,84857,2024-06-08
/gamepanel?game=seasons,9284182,2024-06-08
/gamepanel?game=skyteam,204425,2024-06-08
/gamepanel?game=livingforest,455755,2024-06-08
/gamepanel?game=viticulture,305678,2024-06-08
/gamepanel?game=alhambra,549183,2024-06-08
/gamepanel?game=bunnykingdom,165901,2024-06-08
/gamepanel?game=newyorkzoo,24616,2024-06-08
/gamepanel?game=theisleofcats,197351,2024-06-08
/gamepanel?game=thecrewdeepsea,198999,2024-06-08
/gamepanel?game=wizard,706131,2024-06-08
/gamepanel?game=chakra,2730751,2024-06-08
/gamepanel?game=obsession,154695,2024-06-08
/gamepanel?game=innovation,1551299,2024-06-08
/gamepanel?game=takenoko,2438967,2024-06-08
/gamepanel?game=battlespiritssaga,11269,2024-06-08
/gamepanel?game=cribbage,891111,2024-06-08
/gamepanel?game=jaipur,2484179,2024-06-08
/gamepanel?game=loveletter,744997,2024-06-08
/gamepanel?game=throughtheagesnewstory,892572,2024-06-08
/gamepanel?game=nextstation,711373,2024-06-08
/gamepanel?game=thecrew,434045,2024-06-08
/gamepanel?game=spades,119856,2024-06-08
/gamepanel?game=diceforge,2235442,2024-06-08
/gamepanel?game=papayoo,776762,2024-06-08
/gamepanel?game=grumblestone,2628,2024-06-08
/gamepanel?game=captainflip,443842,2024-06-08
/gamepanel?game=solo,4220309,2024-06-08
/gamepanel?game=sushigo,3128409,2024-06-08
/gamepanel?game=pixies,179721,2024-06-08
/gamepanel?game=akropolis,307116,2024-06-08
/gamepanel?game=century,483421,2024-06-08
/gamepanel?game=caverna,73923,2024-06-08
/gamepanel?game=breakthecode,464089,2024-06-08
/gamepanel?game=looot,16656,2024-06-08
/gamepanel?game=justone,161369,2024-06-08
/gamepanel?game=nextstationparis,54889,2024-06-08
/gamepanel?game=novaluna,334033,2024-06-08
/gamepanel?game=toc,1177638,2024-06-08
/gamepanel?game=bubbleepop,1776171,2024-06-08
/gamepanel?game=daybreak,123407,2024-06-08
/gamepanel?game=catinthebox,3412,2024-06-08
/gamepanel?game=parks,79780,2024-06-08
/gamepanel?game=trailblazers,22466,2024-06-08
/gamepanel?game=barenpark,169338,2024-06-08
/gamepanel?game=spots,238063,2024-06-08
/gamepanel?game=rollforthegalaxy,926415,2024-06-08
/gamepanel?game=slide,9186,2024-06-08
/gamepanel?game=belote,1197325,2024-06-08
/gamepanel?game=tichu,152182,2024-06-08
/gamepanel?game=mycityrb,41407,2024-06-08
/gamepanel?game=piratenkapern,1375114,2024-06-08
/gamepanel?game=bandido,2148564,2024-06-08
/gamepanel?game=burglebros,295499,2024-06-08
/gamepanel?game=carnegie,105440,2024-06-08
/gamepanel?game=sagani,84216,2024-06-08
/gamepanel?game=tzolkin,693749,2024-06-08
/gamepanel?game=saboteur,1085877,2024-06-08
/gamepanel?game=evolution,17891,2024-06-08
/gamepanel?game=martiandice,998838,2024-06-08
/gamepanel?game=dicehospital,176044,2024-06-08
/gamepanel?game=paxrenaissance,18909,2024-06-08
/gamepanel?game=knarr,114824,2024-06-08
/gamepanel?game=draftandwriterecords,11505,2024-06-08
/gamepanel?game=saintpetersburg,642143,2024-06-08
/gamepanel?game=carcassonnehuntersandgatherers,288817,2024-06-08
/gamepanel?game=bloodrage,66437,2024-06-08
/gamepanel?game=ohhell,371864,2024-06-08
/gamepanel?game=regicide,517206,2024-06-08
/gamepanel?game=forsale,698084,2024-06-08
/gamepanel?game=beyondthesun,174705,2024-06-08
/gamepanel?game=decrypto,31116,2024-06-08
/gamepanel?game=tokaido,908214,2024-06-08
/gamepanel?game=citadels,9124,2024-06-08
/gamepanel?game=myshelfie,173920,2024-06-08
/gamepanel?game=texasholdem,33304,2024-06-08
/gamepanel?game=marcopolo,303663,2024-06-08
/gamepanel?game=applejack,115381,2024-06-08
/gamepanel?game=federation,7567,2024-06-08
/gamepanel?game=stupormundi,2850,2024-06-08
/gamepanel?game=turingmachine,454388,2024-06-08
/gamepanel?game=lama,544649,2024-06-08
/gamepanel?game=praga,9338,2024-06-08
/gamepanel?game=downforce,408305,2024-06-08
/gamepanel?game=golf,107638,2024-06-08
/gamepanel?game=sushigoparty,225428,2024-06-08
/gamepanel?game=targi,472075,2024-06-08
/gamepanel?game=rallymangt,401606,2024-06-08
/gamepanel?game=cantstopexpress,627626,2024-06-08
/gamepanel?game=clansofcaledonia,306702,2024-06-08
/gamepanel?game=hadrianswall,75419,2024-06-08
/gamepanel?game=coinche,240701,2024-06-08
/gamepanel?game=locomomo,730050,2024-06-08
/gamepanel?game=nidavellir,248937,2024-06-08
/gamepanel?game=rolltothetopjourneys,88125,2024-06-08
/gamepanel?game=shiftingstones,443873,2024-06-08
/gamepanel?game=warchest,237245,2024-06-08
/gamepanel?game=gosux,11806,2024-06-08
/gamepanel?game=chromino,190753,2024-06-08
/gamepanel?game=paxpamir,35143,2024-06-08
/gamepanel?game=marcopolotwo,103299,2024-06-08
/gamepanel?game=newton,5691,2024-06-08
/gamepanel?game=marrakech,376397,2024-06-08
/gamepanel?game=draftosaurus,805059,2024-06-08
/gamepanel?game=thewolves,14353,2024-06-08
/gamepanel?game=amalfi,9330,2024-06-08
/gamepanel?game=koikoi,1621553,2024-06-08
/gamepanel?game=metro,2944,2024-06-08
/gamepanel?game=yokohama,66412,2024-06-08
/gamepanel?game=incangold,759326,2024-06-08
/gamepanel?game=lettertycoon,184016,2024-06-08
/gamepanel?game=teotihuacan,110433,2024-06-08
/gamepanel?game=ginrummy,54599,2024-06-08
/gamepanel?game=ultimaterailroads,51259,2024-06-08
/gamepanel?game=elgrande,20523,2024-06-08
/gamepanel?game=nowboarding,45195,2024-06-08
/gamepanel?game=spiteandmalice,42025,2024-06-08
/gamepanel?game=altered,70596,2024-06-08
/gamepanel?game=glassroad,2718,2024-06-08
/gamepanel?game=jumpdrive,244865,2024-06-08
/gamepanel?game=architectsofthewestkingdom,51365,2024-06-08
/gamepanel?game=viamagica,360522,2024-06-08
/gamepanel?game=nextstationtokyo,139279,2024-06-08
/gamepanel?game=tranquility,367325,2024-06-08
/gamepanel?game=hardback,143033,2024-06-08
/gamepanel?game=ancientknowledge,17137,2024-06-08
/gamepanel?game=boreal,10041,2024-06-08
/gamepanel?game=santorini,653537,2024-06-08
/gamepanel?game=hive,904342,2024-06-08
/gamepanel?game=thurnandtaxis,222039,2024-06-08
/gamepanel?game=boop,134819,2024-06-08
/gamepanel?game=rollandbump,170815,2024-06-08
/gamepanel?game=liverpoolrummy,21738,2024-06-08
/gamepanel?game=doglover,45361,2024-06-08
/gamepanel?game=lagranja,179901,2024-06-08
/gamepanel?game=stella,145541,2024-06-08
/gamepanel?game=fluxx,458663,2024-06-08
/gamepanel?game=tigriseuphrates,31516,2024-06-08
/gamepanel?game=shogun,1742,2024-06-08
/gamepanel?game=luxor,310416,2024-06-08
/gamepanel?game=photosynthesis,43662,2024-06-08
/gamepanel?game=abyss,175992,2024-06-08
/gamepanel?game=president,78064,2024-06-08
/gamepanel?game=thefoxintheforest,1471,2024-06-08
/gamepanel?game=abandonallartichokes,834255,2024-06-08
/gamepanel?game=mlem,18906,2024-06-08
/gamepanel?game=perfectwords,23807,2024-06-08
/gamepanel?game=painttheroses,52589,2024-06-08
/gamepanel?game=flamingpyramids,231233,2024-06-08
/gamepanel?game=mandala,33558,2024-06-08
/gamepanel?game=hanamikoji,93159,2024-06-08
/gamepanel?game=chess,1128155,2024-06-08
/gamepanel?game=goldblivion,16109,2024-06-08
/gamepanel?game=draculahelsing,48112,2024-06-08
/gamepanel?game=rallymandirt,1693,2024-06-08
/gamepanel?game=copenhagen,250352,2024-06-08
/gamepanel?game=quantum,80586,2024-06-08
/gamepanel?game=gonutsfordonuts,216147,2024-06-08
/gamepanel?game=railwaysoftheworld,26426,2024-06-08
/gamepanel?game=codexnaturalis,188734,2024-06-08
/gamepanel?game=isleoftrainsallaboard,4290,2024-06-08
/gamepanel?game=ginkgopolis,14822,2024-06-08
/gamepanel?game=skull,483402,2024-06-08
/gamepanel?game=imhotep,50086,2024-06-08
/gamepanel?game=similo,350436,2024-06-08
/gamepanel?game=pocketcats,73379,2024-06-08
/gamepanel?game=cityofthebigshoulders,19584,2024-06-08
/gamepanel?game=concept,141292,2024-06-08
/gamepanel?game=newfrontiers,46289,2024-06-08
/gamepanel?game=claim,490,2024-06-08
/gamepanel?game=justdesserts,495650,2024-06-08
/gamepanel?game=villagers,34613,2024-06-08
/gamepanel?game=dominoes,57560,2024-06-08
/gamepanel?game=takenokolor,4944,2024-06-08
/gamepanel?game=laserreflection,136094,2024-06-08
/gamepanel?game=flowersmandalagame,3524,2024-06-08
/gamepanel?game=setup,103551,2024-06-08
/gamepanel?game=rainforest,49850,2024-06-08
/gamepanel?game=framework,26014,2024-06-08
/gamepanel?game=hadara,56326,2024-06-08
/gamepanel?game=fromage,3670,2024-06-08
/gamepanel?game=tashkalar,172244,2024-06-08
/gamepanel?game=connectfour,3562618,2024-06-08
/gamepanel?game=donuts,61730,2024-06-08
/gamepanel?game=caylus,115578,2024-06-08
/gamepanel?game=anachrony,27186,2024-06-08
/gamepanel?game=conspiracy,393276,2024-06-08
/gamepanel?game=trekkingtheworld,50926,2024-06-08
/gamepanel?game=thebuilders,327409,2024-06-08
/gamepanel?game=pi,212370,2024-06-08
/gamepanel?game=evergreen,33731,2024-06-08
/gamepanel?game=thegnomesofzavandor,2990,2024-06-08
/gamepanel?game=dungeonroll,325190,2024-06-08
/gamepanel?game=lostseas,57212,2024-06-08
/gamepanel?game=forbiddenisland,110137,2024-06-08
/gamepanel?game=numberdrop,78684,2024-06-08
/gamepanel?game=sobektwoplayers,165076,2024-06-08
/gamepanel?game=kingsguild,106161,2024-06-08
/gamepanel?game=cacao,130935,2024-06-08
/gamepanel?game=botanik,9115,2024-06-08
/gamepanel?game=coupcitystate,434911,2024-06-08
/gamepanel?game=rivervalleyglassworks,14410,2024-06-08
/gamepanel?game=clashofdecks,196712,2024-06-08
/gamepanel?game=deus,37812,2024-06-08
/gamepanel?game=noneshallpass,24419,2024-06-08
/gamepanel?game=wizardsgrimoire,41886,2024-06-08
/gamepanel?game=lox,30296,2024-06-08
/gamepanel?game=bacon,322,2024-06-08
/gamepanel?game=tobago,64438,2024-06-08
/gamepanel?game=troyes,144823,2024-06-08
/gamepanel?game=coloretto,661374,2024-06-08
/gamepanel?game=escapefromthehiddencastle,133060,2024-06-08
/gamepanel?game=afterus,42558,2024-06-08
/gamepanel?game=neom,2244,2024-06-08
/gamepanel?game=dogpark,13338,2024-06-08
/gamepanel?game=nippon,31235,2024-06-08
/gamepanel?game=romirami,30651,2024-06-08
/gamepanel?game=trektwelve,387844,2024-06-08
/gamepanel?game=riftforce,6513,2024-06-08
/gamepanel?game=redsevengame,254256,2024-06-08
/gamepanel?game=farkle,49691,2024-06-08
/gamepanel?game=wonderfulkingdom,3201,2024-06-08
/gamepanel?game=rauha,49459,2024-06-08
/gamepanel?game=euchre,11204,2024-06-08
/gamepanel?game=akeruption,84406,2024-06-08
/gamepanel?game=canvas,51422,2024-06-08
/gamepanel?game=glow,62904,2024-06-08
/gamepanel?game=illustori,43023,2024-06-08
/gamepanel?game=scopa,132021,2024-06-08
/gamepanel?game=mycity,46157,2024-06-08
/gamepanel?game=oriflamme,253107,2024-06-08
/gamepanel?game=eminentdomain,119454,2024-06-08
/gamepanel?game=spellbook,8938,2024-06-08
/gamepanel?game=haiclue,96703,2024-06-08
/gamepanel?game=ageofcivilization,38107,2024-06-08
/gamepanel?game=dragonwood,50301,2024-06-08
/gamepanel?game=happycity,453035,2024-06-08
/gamepanel?game=nothanks,317007,2024-06-08
/gamepanel?game=splits,393938,2024-06-08
/gamepanel?game=coltexpress,425332,2024-06-08
/gamepanel?game=terranova,23649,2024-06-08
/gamepanel?game=crusadersthywillbedone,17469,2024-06-08
/gamepanel?game=biomos,57189,2024-06-08
/gamepanel?game=trio,68724,2024-06-08
/gamepanel?game=diceathlon,22714,2024-06-08
/gamepanel?game=expeditions,18355,2024-06-08
/gamepanel?game=onitama,93539,2024-06-08
/gamepanel?game=mastersofrenaissance,1506,2024-06-08
/gamepanel?game=quibbles,15776,2024-06-08
/gamepanel?game=threethousandscoundrels,2570,2024-06-08
/gamepanel?game=highseason,2872,2024-06-08
/gamepanel?game=quoridor,1203439,2024-06-08
/gamepanel?game=ninetynineaddition,211969,2024-06-08
/gamepanel?game=machiavelli,346808,2024-06-08
/gamepanel?game=dobble,669466,2024-06-08
/gamepanel?game=vektorace,14004,2024-06-08
/gamepanel?game=lineit,48564,2024-06-08
/gamepanel?game=superfantasybrawl,141919,2024-06-08
/gamepanel?game=littlefactory,43717,2024-06-08
/gamepanel?game=russianrailroads,201378,2024-06-08
/gamepanel?game=chinesecheckers,99309,2024-06-08
/gamepanel?game=moonriver,9736,2024-06-08
/gamepanel?game=springcleaning,341,2024-06-08
/gamepanel?game=icecoldicehockey,43375,2024-06-08
/gamepanel?game=vault,52147,2024-06-08
/gamepanel?game=butterfly,306574,2024-06-08
/gamepanel?game=gangsta,10265,2024-06-08
/gamepanel?game=jekyllvshide,110715,2024-06-08
/gamepanel?game=tienlen,1040,2024-06-08
/gamepanel?game=notalone,135747,2024-06-08
/gamepanel?game=whisttwentytwo,55640,2024-06-08
/gamepanel?game=battleship,565455,2024-06-08
/gamepanel?game=starfluxx,64289,2024-06-08
/gamepanel?game=riichimahjong,1854,2024-06-08
/gamepanel?game=colorpop,854867,2024-06-08
/gamepanel?game=gangofdice,33479,2024-06-08
/gamepanel?game=tiwanaku,11552,2024-06-08
/gamepanel?game=enemyanemone,97,2024-06-08
/gamepanel?game=dicehospitaler,27664,2024-06-08
/gamepanel?game=digupadventure,34272,2024-06-08
/gamepanel?game=mrjack,126328,2024-06-08
/gamepanel?game=rage,42648,2024-06-08
/gamepanel?game=tranquilitytheascent,85914,2024-06-08
/gamepanel?game=elfenland,62288,2024-06-08
/gamepanel?game=lewisclark,63632,2024-06-08
/gamepanel?game=thebuildersantiquity,67349,2024-06-08
/gamepanel?game=klaverjassen,8716,2024-06-08
/gamepanel?game=fruitpicking,126598,2024-06-08
/gamepanel?game=orionduel,27175,2024-06-08
/gamepanel?game=celestia,114779,2024-06-08
/gamepanel?game=dungeonpetz,16310,2024-06-08
/gamepanel?game=kingsinthecorner,13215,2024-06-08
/gamepanel?game=mythicbattlesragnarok,1841,2024-06-08
/gamepanel?game=automobiles,45006,2024-06-08
/gamepanel?game=theshipwreckarcana,4521,2024-06-08
/gamepanel?game=oxono,56874,2024-06-08
/gamepanel?game=wordtraveler,6462,2024-06-08
/gamepanel?game=werewolves,143215,2024-06-08
/gamepanel?game=dragoncastle,38376,2024-06-08
/gamepanel?game=thirteenclues,205518,2024-06-08
/gamepanel?game=crisps,1335,2024-06-08
/gamepanel?game=buttons,310975,2024-06-08
/gamepanel?game=astra,7464,2024-06-08
/gamepanel?game=dudo,283856,2024-06-08
/gamepanel?game=taluva,61740,2024-06-08
/gamepanel?game=sixtyone,52383,2024-06-08
/gamepanel?game=tanghulu,7332,2024-06-08
/gamepanel?game=stockpile,7005,2024-06-08
/gamepanel?game=offtherails,42466,2024-06-08
/gamepanel?game=thirtyone,10503,2024-06-08
/gamepanel?game=elawa,37898,2024-06-08
/gamepanel?game=haggis,93439,2024-06-08
/gamepanel?game=schroedingerscats,215591,2024-06-08
/gamepanel?game=spaceempires,15253,2024-06-08
/gamepanel?game=getonboard,73415,2024-06-08
/gamepanel?game=nimalia,4362,2024-06-08
/gamepanel?game=carrara,27153,2024-06-08
/gamepanel?game=medina,10356,2024-06-08
/gamepanel?game=pugsinmugs,17912,2024-06-08
/gamepanel?game=kahuna,129448,2024-06-08
/gamepanel?game=yokaiseptet,6246,2024-06-08
/gamepanel?game=quarto,717391,2024-06-08
/gamepanel?game=ninetynine,8423,2024-06-08
/gamepanel?game=roomtwentyfive,87585,2024-06-08
/gamepanel?game=cloudcity,32608,2024-06-08
/gamepanel?game=spyrium,33921,2024-06-08
/gamepanel?game=zooloretto,18622,2024-06-08
/gamepanel?game=sobek,130165,2024-06-08
/gamepanel?game=tinnerstrail,3166,2024-06-08
/gamepanel?game=caboodle,9121,2024-06-08
/gamepanel?game=openseason,232,2024-06-08
/gamepanel?game=k2,55802,2024-06-08
/gamepanel?game=capereurope,30734,2024-06-08
/gamepanel?game=openfacechinesepoker,17313,2024-06-08
/gamepanel?game=buyword,13650,2024-06-08
/gamepanel?game=arcticscavengers,14973,2024-06-08
/gamepanel?game=ghostathome,33168,2024-06-08
/gamepanel?game=divideetimpera,1849,2024-06-08
/gamepanel?game=bagofchips,52840,2024-06-08
/gamepanel?game=eightmastersrevenge,42246,2024-06-08
/gamepanel?game=gogoa,23748,2024-06-08
/gamepanel?game=dragonheart,869831,2024-06-08
/gamepanel?game=reversi,641234,2024-06-08
/gamepanel?game=ruhr,4631,2024-06-08
/gamepanel?game=skat,32706,2024-06-08
/gamepanel?game=dicedtomatoes,36484,2024-06-08
/gamepanel?game=splito,19872,2024-06-08
/gamepanel?game=seikatsu,49098,2024-06-08
/gamepanel?game=ontour,18479,2024-06-08
/gamepanel?game=homesteaders,9417,2024-06-08
/gamepanel?game=uptown,15484,2024-06-08
/gamepanel?game=cardiceo,123300,2024-06-08
/gamepanel?game=foreverhome,4216,2024-06-08
/gamepanel?game=ludo,6098,2024-06-08
/gamepanel?game=dicethemepark,3953,2024-06-08
/gamepanel?game=lookatthestars,40630,2024-06-08
/gamepanel?game=twentyfourseven,13849,2024-06-08
/gamepanel?game=intheyearofthedragon,60874,2024-06-08
/gamepanel?game=madeira,13862,2024-06-08
/gamepanel?game=classicgo,66329,2024-06-08
/gamepanel?game=welcometonewlasvegas,71252,2024-06-08
/gamepanel?game=fairytrails,38478,2024-06-08
/gamepanel?game=spacestationphoenix,10571,2024-06-08
/gamepanel?game=cairn,5094,2024-06-08
/gamepanel?game=unclechestnuttablegype,15202,2024-06-08
/gamepanel?game=twelvechips,5265,2024-06-08
/gamepanel?game=onda,95,2024-06-08
/gamepanel?game=kalah,322672,2024-06-08
/gamepanel?game=fivethreefive,1449,2024-06-08
/gamepanel?game=signorie,22151,2024-06-08
/gamepanel?game=checkers,379864,2024-06-08
/gamepanel?game=dungeontwister,41585,2024-06-08
/gamepanel?game=solarstorm,21621,2024-06-08
/gamepanel?game=boomerangaustralia,51635,2024-06-08
/gamepanel?game=chicagoexpress,4968,2024-06-08
/gamepanel?game=thatslife,53267,2024-06-08
/gamepanel?game=pescadonovo,233,2024-06-08
/gamepanel?game=gomoku,694895,2024-06-08
/gamepanel?game=twintinbots,13385,2024-06-08
/gamepanel?game=dinosaurteaparty,24063,2024-06-08
/gamepanel?game=cubosaurs,36192,2024-06-08
/gamepanel?game=polis,18579,2024-06-08
/gamepanel?game=narabi,11110,2024-06-08
/gamepanel?game=cinco,91496,2024-06-08
/gamepanel?game=noirkvi,384635,2024-06-08
/gamepanel?game=dinnerinparis,12390,2024-06-08
/gamepanel?game=vaalbara,57030,2024-06-08
/gamepanel?game=maatatahay,354,2024-06-08
/gamepanel?game=senet,102858,2024-06-08
/gamepanel?game=ultimatetictactoe,9676,2024-06-08
/gamepanel?game=sapiens,68485,2024-06-08
/gamepanel?game=mindup,33628,2024-06-08
/gamepanel?game=vaultdenofthieves,1587,2024-06-08
/gamepanel?game=tictacmatch,70281,2024-06-08
/gamepanel?game=tinyepicdefenders,8872,2024-06-08
/gamepanel?game=greatsplit,6609,2024-06-08
/gamepanel?game=ageofchampagne,7056,2024-06-08
/gamepanel?game=hungariantarokk,5965,2024-06-08
/gamepanel?game=strands,27413,2024-06-08
/gamepanel?game=envelopesofcash,3064,2024-06-08
/gamepanel?game=battleoflits,233849,2024-06-08
/gamepanel?game=vultureculture,135899,2024-06-08
/gamepanel?game=cucumber,5108,2024-06-08
/gamepanel?game=artdecko,16223,2024-06-08
/gamepanel?game=hens,6383,2024-06-08
/gamepanel?game=niagara,30198,2024-06-08
/gamepanel?game=wastelandia,1222,2024-06-08
/gamepanel?game=tucano,50283,2024-06-08
/gamepanel?game=starshipmerchants,325,2024-06-08
/gamepanel?game=tortugasixteensixtyseven,925,2024-06-08
/gamepanel?game=aknile,42891,2024-06-08
/gamepanel?game=regidice,8464,2024-06-08
/gamepanel?game=dontgointhere,9768,2024-06-08
/gamepanel?game=throneandthegrail,131964,2024-06-08
/gamepanel?game=getonboardparisrome,7568,2024-06-08
/gamepanel?game=thelast,595,2024-06-08
/gamepanel?game=troyesdice,163725,2024-06-08
/gamepanel?game=chocolatefactory,33572,2024-06-08
/gamepanel?game=blackjack,92500,2024-06-08
/gamepanel?game=exitstrategy,10336,2024-06-08
/gamepanel?game=letscatchthelion,36285,2024-06-08
/gamepanel?game=khiva,741,2024-06-08
/gamepanel?game=caravan,18093,2024-06-08
/gamepanel?game=boomerangeurope,20789,2024-06-08
/gamepanel?game=almadi,20490,2024-06-08
/gamepanel?game=noah,55133,2024-06-08
/gamepanel?game=qawale,28349,2024-06-08
/gamepanel?game=zuuli,19552,2024-06-08
/gamepanel?game=keyflower,77526,2024-06-08
/gamepanel?game=hypnosia,34372,2024-06-08
/gamepanel?game=yokai,85600,2024-06-08
/gamepanel?game=turnthetide,35785,2024-06-08
/gamepanel?game=imtheboss,2789,2024-06-08
/gamepanel?game=rollingpins,17397,2024-06-08
/gamepanel?game=mapsofmisterra,3001,2024-06-08
/gamepanel?game=dvonn,5399,2024-06-08
/gamepanel?game=flipfreighters,11859,2024-06-08
/gamepanel?game=hex,125647,2024-06-08
/gamepanel?game=origin,22105,2024-06-08
/gamepanel?game=catcafe,24040,2024-06-08
/gamepanel?game=fleet,30756,2024-06-08
/gamepanel?game=colorado,6885,2024-06-08
/gamepanel?game=oneohone,18335,2024-06-08
/gamepanel?game=blooms,21548,2024-06-08
/gamepanel?game=geekoutmasters,20421,2024-06-08
/gamepanel?game=dicesummoners,7609,2024-06-08
/gamepanel?game=boomerangusa,11066,2024-06-08
/gamepanel?game=steamrollers,13543,2024-06-08
/gamepanel?game=worldwidetennis,9847,2024-06-08
/gamepanel?game=hokito,14300,2024-06-08
/gamepanel?game=turncoats,3839,2024-06-08
/gamepanel?game=eck,2941,2024-06-08
/gamepanel?game=xiangqi,56334,2024-06-08
/gamepanel?game=pingimus,24684,2024-06-08
/gamepanel?game=yaniv,12475,2024-06-08
/gamepanel?game=kami,56150,2024-06-08
/gamepanel?game=lostexplorers,5319,2024-06-08
/gamepanel?game=pyramidpoker,9694,2024-06-08
/gamepanel?game=bossquest,17777,2024-06-08
/gamepanel?game=babydinosaurrescue,64201,2024-06-08
/gamepanel?game=dronesvsseagulls,3918,2024-06-08
/gamepanel?game=fightthelandlord,4096,2024-06-08
/gamepanel?game=undergrove,1173,2024-06-08
/gamepanel?game=briscola,133827,2024-06-08
/gamepanel?game=abalone,57179,2024-06-08
/gamepanel?game=humanity,2279,2024-06-08
/gamepanel?game=quetzal,16811,2024-06-08
/gamepanel?game=squadro,65887,2024-06-08
/gamepanel?game=homeworlds,8558,2024-06-08
/gamepanel?game=trellis,6444,2024-06-08
/gamepanel?game=roppyakken,44695,2024-06-08
/gamepanel?game=gardennation,5711,2024-06-08
/gamepanel?game=timelinetwist,32783,2024-06-08
/gamepanel?game=inverteddice,3394,2024-06-08
/gamepanel?game=nachopile,819,2024-06-08
/gamepanel?game=barbu,17625,2024-06-08
/gamepanel?game=simplicity,11883,2024-06-08
/gamepanel?game=minhwatu,26918,2024-06-08
/gamepanel?game=farmclub,40377,2024-06-08
/gamepanel?game=thattimeyoukilledme,9936,2024-06-08
/gamepanel?game=shogi,1802,2024-06-08
/gamepanel?game=cradletograve,1252,2024-06-08
/gamepanel?game=hawaii,112748,2024-06-08
/gamepanel?game=trickoftherails,3110,2024-06-08
/gamepanel?game=crazyeights,6494,2024-06-08
/gamepanel?game=mascarade,11867,2024-06-08
/gamepanel?game=cosmosempires,7751,2024-06-08
/gamepanel?game=zefiria,14683,2024-06-08
/gamepanel?game=oasis,7866,2024-06-08
/gamepanel?game=ninemensmorris,182904,2024-06-08
/gamepanel?game=stirfryeighteen,126463,2024-06-08
/gamepanel?game=steamworks,4439,2024-06-08
/gamepanel?game=pinochle,922,2024-06-08
/gamepanel?game=crimezoom,27184,2024-06-08
/gamepanel?game=yoxii,15016,2024-06-08
/gamepanel?game=sherlockthirteen,4411,2024-06-08
/gamepanel?game=throughtheages,547146,2024-06-08
/gamepanel?game=metromaniab,19942,2024-06-08
/gamepanel?game=connectsix,56737,2024-06-08
/gamepanel?game=monsterfactory,56525,2024-06-08
/gamepanel?game=volto,17903,2024-06-08
/gamepanel?game=eriantys,5907,2024-06-08
/gamepanel?game=roadtothreehoundred,4355,2024-06-08
/gamepanel?game=palace,57191,2024-06-08
/gamepanel?game=nangaparbat,14099,2024-06-08
/gamepanel?game=mijnlieff,34519,2024-06-08
/gamepanel?game=baolakiswahili,8307,2024-06-08
/gamepanel?game=sevens,29809,2024-06-08
/gamepanel?game=streets,10084,2024-06-08
/gamepanel?game=vidrasso,1898,2024-06-08
/gamepanel?game=sahwari,1288,2024-06-08
/gamepanel?game=schnapsen,2776,2024-06-08
/gamepanel?game=mutantcrops,1836,2024-06-08
/gamepanel?game=dobro,1247,2024-06-08
/gamepanel?game=tournay,24863,2024-06-08
/gamepanel?game=bombay,11231,2024-06-08
/gamepanel?game=smallislands,16914,2024-06-08
/gamepanel?game=myfirstcastlepanic,32702,2024-06-08
/gamepanel?game=blueskies,9938,2024-06-08
/gamepanel?game=betta,30003,2024-06-08
/gamepanel?game=meridians,5851,2024-06-08
/gamepanel?game=hiddenleaders,2263,2024-06-08
/gamepanel?game=gostop,2014,2024-06-08
/gamepanel?game=theboss,108129,2024-06-08
/gamepanel?game=nxs,6253,2024-06-08
/gamepanel?game=teatime,47621,2024-06-08
/gamepanel?game=dingosdreams,71245,2024-06-08
/gamepanel?game=hoarders,28876,2024-06-08
/gamepanel?game=onceuponaforest,7888,2024-06-08
/gamepanel?game=detectivepoker,2925,2024-06-08
/gamepanel?game=iwari,16919,2024-06-08
/gamepanel?game=goldwest,7959,2024-06-08
/gamepanel?game=fifteendays,3370,2024-06-08
/gamepanel?game=bigmonster,10866,2024-06-08
/gamepanel?game=microdojo,7214,2024-06-08
/gamepanel?game=giftoftulips,6832,2024-06-08
/gamepanel?game=piepmatz,2158,2024-06-08
/gamepanel?game=cheeztricks,1535,2024-06-08
/gamepanel?game=libertalia,208887,2024-06-08
/gamepanel?game=siam,74286,2024-06-08
/gamepanel?game=nicodemus,22099,2024-06-08
/gamepanel?game=iceandthesky,9027,2024-06-08
/gamepanel?game=ekonos,1500,2024-06-08
/gamepanel?game=micromidgard,310,2024-06-08
/gamepanel?game=pylos,76265,2024-06-08
/gamepanel?game=saintpoker,42655,2024-06-08
/gamepanel?game=toeshambo,126624,2024-06-08
/gamepanel?game=yinyang,5650,2024-06-08
/gamepanel?game=grandbazaar,4126,2024-06-08
/gamepanel?game=paniclab,19922,2024-06-08
/gamepanel?game=gofish,19950,2024-06-08
/gamepanel?game=rollintotown,6891,2024-06-08
/gamepanel?game=thebrambles,4392,2024-06-08
/gamepanel?game=sevenknightsbewitched,311,2024-06-08
/gamepanel?game=festivibes,450,2024-06-08
/gamepanel?game=amyitis,13275,2024-06-08
/gamepanel?game=koryo,150245,2024-06-08
/gamepanel?game=marram,6728,2024-06-08
/gamepanel?game=mapmaker,34791,2024-06-08
/gamepanel?game=sheepboombah,14076,2024-06-08
/gamepanel?game=seotda,4133,2024-06-08
/gamepanel?game=dobbleconnect,19564,2024-06-08
/gamepanel?game=quirkyquarks,1502,2024-06-08
/gamepanel?game=forks,2317,2024-06-08
/gamepanel?game=crazyfarmers,42375,2024-06-08
/gamepanel?game=consonar,7837,2024-06-08
/gamepanel?game=kulami,12808,2024-06-08
/gamepanel?game=parisconnection,13269,2024-06-08
/gamepanel?game=nainjaune,4568,2024-06-08
/gamepanel?game=soulaween,13457,2024-06-08
/gamepanel?game=tinyturbocars,1599,2024-06-08
/gamepanel?game=splashdown,2450,2024-06-08
/gamepanel?game=ticketgagnant,6090,2024-06-08
/gamepanel?game=thenumber,14466,2024-06-08
/gamepanel?game=pontedeldiavolo,22978,2024-06-08
/gamepanel?game=bigtimesoccer,11170,2024-06-08
/gamepanel?game=durak,13377,2024-06-08
/gamepanel?game=kmakici,7412,2024-06-08
/gamepanel?game=themotherroad,4373,2024-06-08
/gamepanel?game=herd,7945,2024-06-08
/gamepanel?game=mechadream,7245,2024-06-08
/gamepanel?game=bigtwo,6066,2024-06-08
/gamepanel?game=inventors,82475,2024-06-08
/gamepanel?game=krosmasterarena,67589,2024-06-08
/gamepanel?game=apocalypseazcc,73093,2024-06-08
/gamepanel?game=ohseven,19623,2024-06-08
/gamepanel?game=balloonpop,28258,2024-06-08
/gamepanel?game=sensei,10368,2024-06-08
/gamepanel?game=tumbleweed,6815,2024-06-08
/gamepanel?game=hydroracers,5065,2024-06-08
/gamepanel?game=lamarcheducrabe,8789,2024-06-08
/gamepanel?game=artthief,11754,2024-06-08
/gamepanel?game=germanwhist,621,2024-06-08
/gamepanel?game=tapas,1085,2024-06-08
/gamepanel?game=chinagold,22374,2024-06-08
/gamepanel?game=battleforhill,62186,2024-06-08
/gamepanel?game=spiritsoftheforest,9374,2024-06-08
/gamepanel?game=talon,3552,2024-06-08
/gamepanel?game=guile,1322,2024-06-08
/gamepanel?game=rainbow,30371,2024-06-08
/gamepanel?game=mow,12496,2024-06-08
/gamepanel?game=sakura,1799,2024-06-08
/gamepanel?game=goldncrash,326,2024-06-08
/gamepanel?game=nautilus,26233,2024-06-08
/gamepanel?game=armadora,20249,2024-06-08
/gamepanel?game=tablut,10751,2024-06-08
/gamepanel?game=circleoflife,22925,2024-06-08
/gamepanel?game=unconditionalsurrender,29547,2024-06-08
/gamepanel?game=krosmasterblast,6750,2024-06-08
/gamepanel?game=quantik,71516,2024-06-08
/gamepanel?game=pente,42382,2024-06-08
/gamepanel?game=pyrgos,11457,2024-06-08
/gamepanel?game=oust,6099,2024-06-08
/gamepanel?game=dotsandboxes,16319,2024-06-08
/gamepanel?game=bandada,12276,2024-06-08
/gamepanel?game=blockarena,879,2024-06-08
/gamepanel?game=pokerdice,9687,2024-06-08
/gamepanel?game=cucco,2278,2024-06-08
/gamepanel?game=skatelegend,6174,2024-06-08
/gamepanel?game=crypt,3744,2024-06-08
/gamepanel?game=ecarte,952,2024-06-08
/gamepanel?game=linx,2669,2024-06-08
/gamepanel?game=hund,575,2024-06-08
/gamepanel?game=stonks,519,2024-06-08
/gamepanel?game=secretmoon,36802,2024-06-08
/gamepanel?game=alveole,28417,2024-06-08
/gamepanel?game=gaia,48766,2024-06-08
/gamepanel?game=quinque,5499,2024-06-08
/gamepanel?game=getthemacguffin,10349,2024-06-08
/gamepanel?game=coinage,1678,2024-06-08
/gamepanel?game=commanderchess,1768,2024-06-08
/gamepanel?game=rive,2184,2024-06-08
/gamepanel?game=draftcider,5955,2024-06-08
/gamepanel?game=babet,564,2024-06-08
/gamepanel?game=leroydesribauds,13142,2024-06-08
/gamepanel?game=quato,1174,2024-06-08
/gamepanel?game=unitedsquare,34831,2024-06-08
/gamepanel?game=neutreeko,98339,2024-06-08
/gamepanel?game=kabaleo,41638,2024-06-08
/gamepanel?game=thermopyles,401833,2024-06-08
/gamepanel?game=bobail,81387,2024-06-08
/gamepanel?game=fistfulofgold,10069,2024-06-08
/gamepanel?game=veronatwist,7616,2024-06-08
/gamepanel?game=penaltychallenge,13696,2024-06-08
/gamepanel?game=heroesofhellas,18133,2024-06-08
/gamepanel?game=castlesofcaleira,7520,2024-06-08
/gamepanel?game=silo,5469,2024-06-08
/gamepanel?game=krakenup,3059,2024-06-08
/gamepanel?game=hoola,6346,2024-06-08
/gamepanel?game=konane,1871,2024-06-08
/gamepanel?game=lielow,9150,2024-06-08
/gamepanel?game=nylonppong,1121,2024-06-08
/gamepanel?game=triatri,528,2024-06-08
/gamepanel?game=tuned,3081,2024-06-08
/gamepanel?game=colorflush,14101,2024-06-08
/gamepanel?game=thegreatamericanfoxhunt,1821,2024-06-08
/gamepanel?game=pond,2798,2024-06-08
/gamepanel?game=diams,24442,2024-06-08
/gamepanel?game=gyges,31503,2024-06-08
/gamepanel?game=northwestpassage,18074,2024-06-08
/gamepanel?game=djambi,2715,2024-06-08
/gamepanel?game=gearnpiston,7350,2024-06-08
/gamepanel?game=isaac,5938,2024-06-08
/gamepanel?game=timemasters,70985,2024-06-08
/gamepanel?game=thejellymonsterlab,11706,2024-06-08
/gamepanel?game=assyria,10166,2024-06-08
/gamepanel?game=florenzacardgame,9138,2024-06-08
/gamepanel?game=darkagent,14487,2024-06-08
/gamepanel?game=ledernierpeuple,3634,2024-06-08
/gamepanel?game=logger,30048,2024-06-08
/gamepanel?game=evogamenoname,2625,2024-06-08
/gamepanel?game=fourcolorcards,37799,2024-06-08
/gamepanel?game=tiki,23781,2024-06-08
/gamepanel?game=hacktrick,8393,2024-06-08
/gamepanel?game=jumpgate,4673,2024-06-08
/gamepanel?game=dragonline,7089,2024-06-08
/gamepanel?game=kqj,384,2024-06-08
/gamepanel?game=rememberwhen,2718,2024-06-08
/gamepanel?game=caribbeanallfours,1050,2024-06-08
/gamepanel?game=linesofaction,12542,2024-06-08
/gamepanel?game=takaraisland,17787,2024-06-08
/gamepanel?game=veggiegarden,16566,2024-06-08
/gamepanel?game=outlaws,20870,2024-06-08
/gamepanel?game=khronos,4665,2024-06-08
/gamepanel?game=dragonkeeper,7703,2024-06-08
/gamepanel?game=guildes,13661,2024-06-08
/gamepanel?game=pennypress,7278,2024-06-08
/gamepanel?game=gorami,9733,2024-06-08
/gamepanel?game=mammalath,27353,2024-06-08
/gamepanel?game=finity,2363,2024-06-08
/gamepanel?game=explorationwarzone,3432,2024-06-08
/gamepanel?game=veletas,9075,2024-06-08
/gamepanel?game=soluna,47580,2024-06-08
/gamepanel?game=biyi,1639,2024-06-08
/gamepanel?game=pedro,966,2024-06-08
/gamepanel?game=meadow,2875,2024-06-08
/gamepanel?game=grosstarock,792,2024-06-08
/gamepanel?game=emdomicrocosm,4492,2024-06-08
/gamepanel?game=solowhist,4739,2024-06-08
/gamepanel?game=thrive,3430,2024-06-08
/gamepanel?game=phat,858,2024-06-08
/gamepanel?game=herooj,1735,2024-06-08
/gamepanel?game=one,6299,2024-06-08
/gamepanel?game=bids,4733,2024-06-08
/gamepanel?game=rolledwest,7984,2024-06-08
/gamepanel?game=murusgallicus,4479,2024-06-08
/gamepanel?game=restinpeace,19005,2024-06-08
/gamepanel?game=zener,4572,2024-06-08
/gamepanel?game=theninedomains,975,2024-06-08
/gamepanel?game=lineae,1032,2024-06-08
/gamepanel?game=herrlof,6755,2024-06-08
/gamepanel?game=senshi,2284,2024-06-08
/gamepanel?game=sparts,2747,2024-06-08
/gamepanel?game=insert,227292,2024-06-08
/gamepanel?game=blaze,584,2024-06-08
/gamepanel?game=queenskings,737,2024-06-08
/gamepanel?game=calypso,164,2024-06-08
/gamepanel?game=mattock,5048,2024-06-08
/gamepanel?game=forex,2249,2024-06-08
/gamepanel?game=gopher,12502,2024-06-08
/gamepanel?game=bug,18309,2024-06-08
/gamepanel?game=egocentricworld,4510,2024-06-08
/gamepanel?game=epizodiak,3671,2024-06-08
/gamepanel?game=linkage,17704,2024-06-08
/gamepanel?game=kingofthepitch,2791,2024-06-08
/gamepanel?game=canosa,3864,2024-06-08
/gamepanel?game=faifo,2564,2024-06-08
/gamepanel?game=troggu,187,2024-06-08
/gamepanel?game=factum,1065,2024-06-08
/gamepanel?game=dodo,17844,2024-06-08
/gamepanel?game=minnesotawhist,155,2024-06-08
/gamepanel?game=evl,2223,2024-06-08
/gamepanel?game=mercadodelisboaste,9276,2024-06-08
/gamepanel?game=ladyandthetiger,7334,2024-06-08
/gamepanel?game=mue,655,2024-06-08
/gamepanel?game=ladyschoice,5482,2024-06-08
/gamepanel?game=zola,3351,2024-06-08
/gamepanel?game=samarkand,2532,2024-06-08
/gamepanel?game=bahamataxi,3041,2024-06-08
/gamepanel?game=lasvegan,7308,2024-06-08
/gamepanel?game=chimerastation,2880,2024-06-08
/gamepanel?game=trusis,2221,2024-06-08
/gamepanel?game=morocco,533,2024-06-08
/gamepanel?game=tinyfarms,7304,2024-06-08
/gamepanel?game=icebreaker,8024,2024-06-08
/gamepanel?game=equinox,11211,2024-06-08
/gamepanel?game=twinpalms,4233,2024-06-08
/gamepanel?game=scriptoria,508,2024-06-08
/gamepanel?game=piereighteen,4669,2024-06-08
/gamepanel?game=vegetables,3297,2024-06-08
/gamepanel?game=robotsateourpizza,5433,2024-06-08
/gamepanel?game=heckinhounds,1611,2024-06-08
/gamepanel?game=cephalopod,3599,2024-06-08
/gamepanel?game=coupell,4042,2024-06-08
/gamepanel?game=kingdoms,847,2024-06-08
/gamepanel?game=redstone,1092,2024-06-08
/gamepanel?game=dragonbridge,3387,2024-06-08
/gamepanel?game=fractal,7257,2024-06-08
/gamepanel?game=lifeline,5669,2024-06-08
/gamepanel?game=raubbau,148,2024-06-08
/gamepanel?game=goodcopbadcop,9555,2024-06-08
/gamepanel?game=hadron,5701,2024-06-08
/gamepanel?game=impasse,1158,2024-06-08
/gamepanel?game=quintus,59,2024-06-08
/gamepanel?game=megalomania,590,2024-06-08
/gamepanel?game=diablo,3134,2024-06-08
/gamepanel?game=perikles,170,2024-06-08
/gamepanel?game=flume,3029,2024-06-08
/gamepanel?game=sasaki,291,2024-06-08
/gamepanel?game=coins,304,2024-06-08
/gamepanel?game=riftvalleyreserve,1917,2024-06-08
/gamepanel?game=lumen,6556,2024-06-08
/gamepanel?game=modten,5179,2024-06-08
/gamepanel?game=bamboozle,2246,2024-06-08
/gamepanel?game=aves,1264,2024-06-08
/gamepanel?game=reflectionsinthelookingglass,912,2024-06-08
/gamepanel?game=legendraiders,6541,2024-06-08
/gamepanel?game=okanagan,912,2024-06-08
/gamepanel?game=allin,568,2024-06-08
/gamepanel?game=mia,4913,2024-06-08
/gamepanel?game=empireplateau,1843,2024-06-08
/gamepanel?game=divercite,672,2024-06-08
/gamepanel?game=knockoutwhist,1757,2024-06-08
/gamepanel?game=fika,3889,2024-06-08
/gamepanel?game=trike,11681,2024-06-08
/gamepanel?game=sergeantmajor,217,2024-06-08
/gamepanel?game=toepen,742,2024-06-08
/gamepanel?game=pook,3004,2024-06-08
/gamepanel?game=mighty,338,2024-06-08
/gamepanel?game=nap,421,2024-06-08
/gamepanel?game=twotenjack,189,2024-06-08
/gamepanel?game=xxung,495,2024-06-08
/gamepanel?game=ynarosfallin,143,2024-06-08
/gamepanel?game=fortytwo,257,2024-06-08
/gamepanel?game=tholos,591,2024-06-08
/gamepanel?game=eightyeight,247,2024-06-08
/gamepanel?game=unrest,1133,2024-06-08
/gamepanel?game=goblinhood,478,2024-06-08
/gamepanel?game=quattuorreges,290,2024-06-08
/gamepanel?game=grund,128,2024-06-08
/gamepanel?game=amazonas,120,2024-06-08
